{"cameraMode":{"drawMode":0,"name":"Shaded","section":"Shading Mode"},"sceneLighting":true,"audioPlay":false,"sceneViewState":{"showFog":true,"showMaterialUpdate":true,"showSkybox":true,"showFlares":true,"showImageEffects":true,"showParticleSystems":true},"in2DMode":false,"pivot":{"x":-0.27383047342300417,"y":-0.5902862548828125,"z":0.4939933717250824},"rotation":{"x":0.10835510492324829,"y":-0.22203610837459565,"z":0.020999034866690637,"w":0.9708623886108398},"size":0.8165063261985779,"orthographic":false}